{"date_group":{"0":1677628800000,"1":1677628800000,"2":1677628800000,"3":1677715200000,"4":1677801600000,"5":1677888000000,"6":1677974400000,"7":1678060800000,"8":1678147200000},"platform":{"0":"android","1":"ios","2":"web","3":"web","4":"web","5":"web","6":"web","7":"web","8":"web"},"visits":{"0":27,"1":19,"2":410,"3":140,"4":95,"5":97,"6":91,"7":39,"8":4},"registrations":{"0":21.0,"1":15.0,"2":24.0,"3":78.0,"4":62.0,"5":73.0,"6":28.0,"7":null,"8":null},"conversion":{"0":77.7777777778,"1":78.9473684211,"2":5.8536585366,"3":55.7142857143,"4":65.2631578947,"5":75.2577319588,"6":30.7692307692,"7":null,"8":null}}